Dorinku, Description, region, cuisine, type, price, notes, ChIJ7entTw4ioFMRJEb9P-xsU2M
Cafe, Description, region, cuisine, type, price, notes, ChIJ6YXslhwioFMRKiBMjNaa_2Y
Hanjan, Description, region, cuisine, type, price, notes, ChIJ6fqtHSwfoFMR7CEvWZoiuzA
Baijiu, Description, region, cuisine, type, price, notes, ChIJKcXdPUkioFMRBspqKB4GLqo
Scoop, Description, region, cuisine, type, price, notes, ChIJK-HZ_yUfoFMRVQNRiPtg-yE
Mayday, Description, region, cuisine, type, price, notes, ChIJKcXdPUkioFMRqIerQNhliKw
The, Description, region, cuisine, type, price, notes, ChIJPwFzNA4ioFMRWBv9alBJ1Vw
Have, Description, region, cuisine, type, price, notes, ChIJYeWoMw4ioFMR0_Rrlxzlc04
Canteen, Description, region, cuisine, type, price, notes, ChIJgXmLeNMjoFMR8UurMIGPScM
Artisan, Description, region, cuisine, type, price, notes, ChIJj8y9RBsioFMRUOQXLACd-HE
New, Description, region, cuisine, type, price, notes, ChIJz-Jn3BEioFMRrmPLB9LnyVs
Under, Description, region, cuisine, type, price, notes, ChIJC8eyWg4ioFMREEvBaBVDbvY
Urban, Description, region, cuisine, type, price, notes, ChIJT7wcBysioFMR54-_-DnmDhw
Caf√©, Description, region, cuisine, type, price, notes, ChIJmztXI88joFMRKxfHzlHJte0
Cafe, Description, region, cuisine, type, price, notes, ChIJ1byBhnAioFMR9L65k14J150
District, Description, region, cuisine, type, price, notes, ChIJk7ry6jkioFMRcA8fOkgCzeY
SPLASH, Description, region, cuisine, type, price, notes, ChIJf5EkaTcioFMRg7sAT4-Ikdg
'Ono, Description, region, cuisine, type, price, notes, ChIJQSNNdkgioFMR0m8X7S3KU6w
Pip, Description, region, cuisine, type, price, notes, ChIJ3YuZ3g8ioFMRdWTFgAN2QyA
Bar, Description, region, cuisine, type, price, notes, ChIJzdLZwEcioFMROKJE1fWtiYw
Uccelino, Description, region, cuisine, type, price, notes, 
Malt, Description, region, cuisine, type, price, notes, 
Tres, Description, region, cuisine, type, price, notes, 
Rostizado, Description, region, cuisine, type, price, notes, 
Tzin, Description, region, cuisine, type, price, notes, 
Monument, Description, region, cuisine, type, price, notes, 
XO, Description, region, cuisine, type, price, notes, 
Japonais, Description, region, cuisine, type, price, notes, 
Snowy, Description, region, cuisine, type, price, notes, 
Let, Description, region, cuisine, type, price, notes, 
Farrow, Description, region, cuisine, type, price, notes, 
Rg, Description, region, cuisine, type, price, notes, 
Tiffin, Description, region, cuisine, type, price, notes, 
High, Description, region, cuisine, type, price, notes, 
The, Description, region, cuisine, type, price, notes, 
Doughnut, Description, region, cuisine, type, price, notes, 
Northern, Description, region, cuisine, type, price, notes, 
De, Description, region, cuisine, type, price, notes, 
Parlour, Description, region, cuisine, type, price, notes, 
Urbano, Description, region, cuisine, type, price, notes, 
Sugarbowl, Description, region, cuisine, type, price, notes, 
High, Description, region, cuisine, type, price, notes, 
Love, Description, region, cuisine, type, price, notes, 
Blaze, Description, region, cuisine, type, price, notes, 
Block, Description, region, cuisine, type, price, notes, 
It, Description, region, cuisine, type, price, notes, 
Rosso, Description, region, cuisine, type, price, notes, 
Izakaya, Description, region, cuisine, type, price, notes, 
Ohana, Description, region, cuisine, type, price, notes, 
Rebel, Description, region, cuisine, type, price, notes, 
Dadeo, Description, region, cuisine, type, price, notes, 
Cibo, Description, region, cuisine, type, price, notes, 
Red, Description, region, cuisine, type, price, notes, 
Huma, Description, region, cuisine, type, price, notes, 
Solstice, Description, region, cuisine, type, price, notes, 
Leva, Description, region, cuisine, type, price, notes, 
Bistro, Description, region, cuisine, type, price, notes, 
Thanh, Description, region, cuisine, type, price, notes, 
Syphay, Description, region, cuisine, type, price, notes, 
Nomchuks, Description, region, cuisine, type, price, notes, 
Parkallen, Description, region, cuisine, type, price, notes, 
Packrat, Description, region, cuisine, type, price, notes, 
Beer, Description, region, cuisine, type, price, notes, 
Pazzo, Description, region, cuisine, type, price, notes, 
Jacks, Description, region, cuisine, type, price, notes, 
Stone, Description, region, cuisine, type, price, notes, 
Little, Description, region, cuisine, type, price, notes, 
Blue, Description, region, cuisine, type, price, notes, 
Gama, Description, region, cuisine, type, price, notes, 
Woodrack, Description, region, cuisine, type, price, notes, 
Art, Description, region, cuisine, type, price, notes, 
Duchess, Description, region, cuisine, type, price, notes, 
Lockstock, Description, region, cuisine, type, price, notes, 
La, Description, region, cuisine, type, price, notes, 
Moth, Description, region, cuisine, type, price, notes, 
Crum, Description, region, cuisine, type, price, notes, 
Bru, Description, region, cuisine, type, price, notes, 
Square, Description, region, cuisine, type, price, notes, 
Monument, Description, region, cuisine, type, price, notes, 
Credo, Description, region, cuisine, type, price, notes, 
High, Description, region, cuisine, type, price, notes, 
Workshop, Description, region, cuisine, type, price, notes, 
